c_length,c_rating
312,642
2618,721
39,685
2288,830
15,496
487,571
411,690
150,691
300,566
32,495
120,446
172,406
1400,752
25,612
14,547
245,561
90,610
2361,657
155,695
375,555
387,710
248,682
1065,679
328,691
37,673
750,729
205,699
1141,726
1075,660
750,758
130,661
15,568
1080,813
2220,707
1200,743
108,656
931,803
726,769
25,523
664,617
75,657
164,666
641,629
360,584
765,724
798,684
272,694
1032,789
690,704
174,754
767,611
190,727
300,685
480,762
79,577
384,665
1724,756
1350,761
148,767
158,613
4207,785
886,772
1895,833
3000,748
2279,693
306,637
222,750
408,702
5611,832
362,572
957,758
125,658
11,531
339,732
8,400
12,604
7,534
1650,711
1065,739
180,555
900,579
601,741
2148,783
4650,871
60,590
2618,818
720,702
168,750
5340,862
1500,823
1987,845
1372,704
780,718
4556,887
5204,757
1146,674
830,737
1866,771
800,665
1800,778
88,574
464,509
505,673
91,662
3068,814
180,670
25,578
778,630
1846,814
18,455
43,556
360,573
770,645
1820,787
3000,861
3902,883
276,754
1094,697
232,764
435,717
1746,677
1020,611
1425,705
2094,807
2752,706
4117,780
3677,748
2618,759
370,789
1440,687
1388,756
2580,787
300,758
840,604
2100,632
968,590
941,681
570,589
1162,658
628,530
510,561
548,644
4050,777
240,416
568,614
1492,767
525,606
498,549
604,563
570,610
240,532
580,565
410,644
675,616
1484,702
420,577
70,437
630,778
538,668
415,647
1466,733
1770,703
900,731
1538,716
720,721
1570,701
720,684
2468,690
536,664
2520,755
1875,758
27,528
9,478
25,667
1060,669
2470,746
1095,699
1575,731
1055,727
1170,642
18,537
862,709
2457,678
60,555
31,595
28,530
44,601
498,731
458,671
4200,737
1703,746
1680,713
1298,734
2550,808
1704,769
1332,753
900,750
455,729
2745,714
2517,751
1548,667
1223,776
1818,710
1500,762
2212,771
820,708
784,775
450,724
2400,829
1500,712
1407,751
1129,707
1500,754
2040,726
1200,714
1200,790
1740,703
1350,724
3550,835
720,717
2653,763
1764,760
1864,748
87,541
4800,813
180,629
3420,753
3900,874
5,458
3480,812
1620,712
1159,805
1125,708
2040,741
900,736
12,546
1805,697
840,658
1527,737
2700,760
1305,760
3114,763
1051,752
266,639
3452,803
411,726
1346,590
1567,771
706,747
300,556
1125,757
1200,759
1357,856
375,654
525,580
690,646
570,712
3182,730
233,555
45,523
456,689
1046,663
4620,853
488,677
525,701
675,668
2386,813
2500,747
1350,719
826,757
1200,687
1560,803
1095,681
1832,755
360,734
3000,700
2700,681
2310,791
1725,764
2491,756
600,649
600,554
202,348
1860,710
1987,770
780,731
330,656
212,651
192,656
178,669
180,716
2025,788
735,625
1259,730
1350,680
1230,769
1364,752
254,532
7050,802
76,576
1207,686
1800,763
750,755
2700,779
1596,766
1680,692
1838,696
1707,694
1058,810
3834,834
900,658
1200,753
1915,764
24,547
612,726
1260,663
2145,744
1178,710
1762,747
69,419
1782,744
712,791
301,687
2340,809
1950,703
356,678
600,759
8,525
62,658
3000,814
648,641
2658,746
1298,683
1892,732
1508,692
51,662
248,613
1388,840
900,704
720,690
846,741
110,682
1432,770
804,779
900,572
2800,756
225,545
1200,719
615,664
81,437
1393,745
150,662
124,566
1134,700
1004,698
3450,778
199,360
464,594
2100,616
100,502
2510,714
66,565
1229,783
506,747
1442,759
780,688
1585,662
137,526
46,575
1410,721
1253,654
1080,693
565,692
810,653
1539,687
990,565
1380,684
1982,764
776,754
3532,866
1875,666
681,701
318,537
1500,786
615,620
2594,902
4408,899
683,681
1068,775
1048,625
210,532
216,534
450,580
442,692
1200,736
412,693
1100,734
66,599
1080,728
250,597
570,722
2122,694
300,555
110,544
342,666
2097,766
638,704
300,638
552,655
510,692
360,597
202,674
1516,741
447,790
430,573
1800,703
320,553
1141,623
300,692
642,654
525,639
1200,665
285,599
736,675
1160,721
1219,759
2460,713
862,714
5134,823
379,736
238,626
525,650
1602,751
1434,674
2144,742
1603,723
525,777
327,593
253,556
1500,717
112,386
195,662
145,516
3453,770
1710,729
993,704
1781,721
1293,828
1500,673
1016,599
360,678
1975,754
597,663
100,633
946,699
5,499
27,360
1500,746
1623,735
675,655
630,683
480,689
735,657
97,555
600,677
646,651
26,486
306,578
1140,710
1958,709
351,676
2,412
15,457
414,662
1474,669
3736,880
1125,692
891,762
1129,752
3340,819
1710,739
315,743
900,733
2532,798
718,706
1824,816
1950,751
360,642
450,554
2700,742
44,507
1181,555
1001,612
3,473
2100,732
1212,694
750,699
1108,736
1050,639
600,708
250,590
2201,649
148,462
664,556
393,740
48,556
92,670
1380,659
3280,772
1500,723
113,606
2667,710
840,794
106,702
300,753
341,555
1243,671
135,561
2014,845
1462,811
540,716
1500,798
35,348
322,776
338,566
1560,717
1425,670
255,529
862,722
850,664
1392,708
1500,701
225,689
6100,814
1100,677
780,713
178,549
975,688
2004,745
2400,745
450,785
140,661
292,721
150,684
1800,746
2400,712
30,572
1007,745
1528,789
16,603
7200,812
1008,736
1875,716
300,708
2648,769
3794,837
2502,755
290,633
766,665
1187,794
2400,655
1020,734
2805,749
2342,819
2891,673
163,707
1460,713
1896,703
635,694
300,590
440,657
457,686
912,762
225,619
193,543
262,638
2231,743
956,770
1680,717
2770,844
1549,728
1320,745
220,559
4125,824
360,559
360,654
4815,795
1398,769
2037,821
2537,788
254,600
1322,724
1538,714
2355,701
1650,685
370,734
37,433
20,549
1987,743
254,686
1836,685
1003,723
1990,759
1771,806
50,712
11,507
1624,767
60,598
1200,725
1770,719
90,643
3871,695
200,523
31,715
600,733
1980,762
1650,702
1680,748
182,660
2400,810
830,593
1726,697
1819,738
3826,778
1716,804
1554,806
300,667
988,725
10,522
480,706
1560,731
2625,776
521,745
630,735
1417,758
317,570
1976,720
1356,696
2220,662
553,727
1365,708
1065,800
1260,704
480,611
576,636
1648,703
355,703
918,759
710,750
358,550
1425,813
2468,791
335,622
1950,761
480,531
212,593
1880,722
131,707
1950,751
404,680
414,653
138,604
135,425
765,681
1665,718
1740,793
780,734
53,589
1065,768
3000,664
3697,769
46,662
3782,764
2442,726
2996,717
1530,695
2318,763
471,690
2400,742
1010,672
420,542
720,696
315,729
1820,750
3632,745
1001,628
456,747
150,651
1125,753
316,559
1508,761
262,663
233,719
55,570
780,617
146,613
137,649
1828,715
1917,754
504,719
1250,720
1200,708
1633,710
50,704
56,574
43,522
1020,712
2370,844
2008,710
2205,769
150,631
522,731
582,646
60,593
22,482
2970,756
750,727
142,741
1260,721
2252,733
2325,807
3270,800
225,582
316,623
372,568
1901,718
2640,731
1658,737
778,673
1450,737
1950,613
1195,701
280,594
1933,789
107,689
420,730
1180,796
1380,738
741,721
273,651
1800,669
1500,759
150,590
840,669
1728,713
182,571
2280,796
1090,794
20,541
909,741
600,723
1736,782
1560,716
412,714
468,691
2565,733
922,645
638,713
2790,742
1020,762
1350,727
2040,729
2422,738
1624,696
1140,765
510,704
1747,784
122,688
680,741
290,630
1018,714
1080,796
450,723
1222,723
900,702
276,555
1145,717
586,675
138,803
60,550
1875,739
3232,767
240,696
981,711
2310,748
1125,733
249,633
193,657
295,601
2168,709
3000,773
4019,842
1440,713
660,663
810,733
799,696
5115,790
1366,738
5625,799
15,581
462,694
630,642
15,517
1620,714
642,592
2348,770
146,648
138,591
240,618
190,687
1849,664
633,708
240,650
499,679
3218,759
472,751
1434,703
1510,715
264,611
3000,674
1426,705
3600,778
2217,609
1737,813
4225,822
70,593
900,728
133,660
535,672
86,554
1440,729
68,563
131,667
28,557
3780,815
628,635
525,685
974,746
1650,736
900,774
3177,774
50,655
2150,685
44,664
2149,577
2691,723
870,704
860,701
360,721
1290,713
1660,748
2812,727
2830,753
10,514
22,667
1488,724
1269,734
162,638
193,664
2154,738
1235,725
1062,629
216,569
211,625
138,663
706,699
1020,707
696,731
4995,731
200,750
1875,655
875,777
418,682
732,608
1331,700
1575,736
1950,834
50,575
703,633
1980,771
576,656
288,557
506,737
112,571
300,723
1875,742
945,717
1080,751
900,630
2624,760
600,737
525,744
12,506
2801,760
1575,718
300,787
2581,786
540,720
1040,766
975,710
1500,745
648,693
1125,676
2367,652
150,602
559,636
750,636
830,790
510,721
255,621
130,655
806,750
300,667
1177,706
2100,822
3600,757
1740,720
360,679
1200,741
792,692
1500,677
2025,730
1082,722
1508,730
4138,805
1436,665
51,603
975,686
508,682
420,707
3936,770
418,658
781,669
1550,710
960,669
68,553
267,711
78,625
350,644
343,752
450,669
214,499
1167,751
1880,724
1545,770
90,603
712,713
362,665
120,731
746,656
60,331
564,586
2431,775
262,535
67,433
300,673
1686,734
1200,711
1130,646
2475,810
2602,843
2700,686
3300,686
1238,737
10,553
127,566
1143,669
1807,720
2713,726
450,563
360,712
1800,787
204,510
18,576
136,710
1080,684
313,664
270,640
360,624
48,598
2094,727
960,833
375,714
532,673
1125,734
1272,771
774,704
1942,806
480,805
42,576
450,670
148,731
266,702
82,566
1275,744
62,669
1521,671
690,688
187,507
4063,717
370,702
1425,605
65,692
1170,704
794,718
1624,723
641,714
525,616
78,610
603,632
18,627
70,634
201,676
2556,827
3000,784
150,630
455,758
1200,698
2090,729
2115,798
1500,795
1023,621
1605,731
1800,730
828,725
1440,620
422,702
300,781
65,575
182,674
2250,743
1275,732
2028,737
45,533
3594,714
1143,731
459,664
420,721
750,667
1445,845
100,575
2475,733
5280,694
150,662
217,687
1287,761
2603,797
17,523
90,597
123,638
628,816
226,805
705,486
1915,767
615,728
178,636
201,692
213,683
78,567
3008,693
1137,714
622,737
1413,762
528,678
780,732
276,644
1916,694
420,678
1035,736
240,699
630,636
1729,801
715,714
1335,774
2460,756
1061,609
300,700
228,590
1768,844
1796,740
195,661
1920,761
1380,746
2100,807
63,677
120,654
30,610
572,786
450,722
165,658
438,655
211,626
720,761
2070,759
206,496
730,704
1230,673
1972,717
1842,625
1303,729
258,706
600,696
862,728
1813,699
434,557
1600,625
588,629
126,606
962,697
450,746
366,690
1462,664
412,714
2250,683
1208,761
1449,579
80,627
912,472
1642,699
2100,804
424,693
963,749
6668,843
1418,657
150,572
3600,883
996,724
1896,794
56,692
1500,700
305,687
1500,730
175,637
90,576
195,584
882,679
1020,714
1128,663
1228,653
2741,801
1212,753
1133,747
1080,767
2280,767
2250,753
480,700
937,830
1920,817
2475,723
900,712
252,602
198,650
8,367
2250,734
1560,737
557,740
743,739
1069,672
142,658
960,683
388,611
1440,726
240,510
516,709
861,635
459,573
103,708
3852,747
240,460
54,453
2100,774
225,695
2898,703
909,667
540,678
175,552
855,764
1612,792
3600,825
2745,665
1200,716
63,557
1034,621
300,542
423,535
1125,720
336,702
3237,893
2100,778
66,742
233,742
300,744
810,759
2100,727
870,697
675,696
4350,818
475,701
906,496
50,662
780,755
352,721
574,762
518,707
240,695
2375,778
394,683
1800,778
539,610
160,586
900,751
1229,708
100,621
888,622
300,712
48,637
3000,807
745,647
4197,820
701,631
120,422
478,605
184,742
3638,824
1744,797
530,715
796,681
232,541
251,725
494,500
2727,766
456,649
150,626
48,477
540,756
127,702
187,695
105,692
96,604
750,724
2452,824
60,611
806,720
222,680
300,566
618,601
540,523
440,715
1875,752
78,590
610,657
900,786
1294,780
459,477
1639,763
1800,770
50,545
1018,672
990,743
50,651
432,698
60,544
750,765
42,609
802,794
1118,716
741,761
1300,659
370,495
300,601
1080,733
361,687
1410,702
168,679
1788,719
1070,726
330,613
2373,699
688,763
150,692
298,437
363,649
2194,749
1277,707
1182,706
70,654
239,674
1875,699
1368,685
2606,661
4810,730
878,784
444,708
1725,706
240,625
509,595
180,578
1516,701
133,692
303,589
300,637
1575,729
1200,813
872,779
450,682
621,503
852,710
1950,803
1400,746
3112,692
333,620
231,524
1350,745
2025,780
1241,640
804,750
1140,733
178,631
2400,872
1350,727
675,742
204,547
315,668
1080,812
1546,706
1313,729
1320,705
222,595
720,625
47,534
753,694
487,743
352,640
1215,686
1138,715
85,645
1275,647
46,642
282,690
33,484
135,670
187,696
780,744
1800,720
350,773
40,660
821,734
675,699
750,742
1813,724
515,748
201,659
1200,734
539,600
96,477
1162,696
1114,746
1800,790
3180,846
2722,868
465,767
90,456
210,636
156,645
2318,807
480,520
310,690
480,790
350,598
260,672
243,484
4758,830
915,795
825,783
802,747
500,685
7,647
218,621
476,657
7582,625
1301,713
90,599
3000,719
747,748
110,532
45,614
396,545
574,689
144,506
106,687
768,678
538,701
162,550
605,768
245,448
1740,736
720,711
56,600
3361,714
390,512
142,606
678,677
1822,722
465,702
340,700
560,773
1513,728
1806,771
450,589
1192,792
206,675
310,584
75,674
2742,862
178,612
159,587
1795,601
75,580
425,681
2400,737
214,561
80,604
797,698
787,632
1148,752
182,634
1042,679
198,562
145,532
2576,741
855,668
446,778
150,629
754,727
1680,733
298,677
1260,620
1500,769
442,659
822,733
714,738
102,633
963,724
41,672
1388,736
1070,687
650,787
1150,689
416,632
1524,764
114,596
872,732
1946,751
1260,639
404,740
1080,748
3016,749
3000,685
2160,780
484,774
525,700
900,614
587,732
600,701
180,744
1463,735
635,664
482,686
1905,729
1125,700
675,702
138,657
75,561
540,740
2120,729
156,708
328,659
1540,717
317,646
720,730
44,510
184,674
420,707
735,550
240,662
87,648
1331,697
951,703
345,655
643,721
120,558
318,603
930,812
132,563
262,682
45,351
526,631
176,634
600,688
276,654
926,714
375,681
32,574
852,704
300,774
1656,722
112,737
240,671
932,741
1020,711
552,678
198,671
667,754
315,664
387,612
2340,624
362,629
141,546
1398,668
398,694
562,730
553,729
968,700
202,615
258,745
4500,680
53,524
637,742
240,716
444,673
1200,794
1555,786
255,679
358,726
1152,732
1050,652
40,636
360,729
1365,657
1604,773
1020,675
210,675
90,501
372,718
300,700
150,641
156,642
268,705
270,714
135,610
150,712
937,645
401,740
195,698
525,726
184,542
18,640
270,666
2040,685
278,726
3000,769
2100,706
144,686
2287,745
90,436
292,565
4920,817
71,527
282,732
375,630
91,523
333,660
600,645
504,720
33,608
371,696
13,610
879,697
1530,740
120,710
1691,701
980,762
110,667
338,641
1358,757
1800,739
930,690
1146,770
410,706
1056,683
220,639
225,579
769,777
218,648
518,726
15,576
270,643
469,742
525,739
900,768
126,678
484,623
124,608
163,674
2608,756
900,744
820,733
300,481
250,758
171,586
170,622
30,645
412,717
1898,727
1952,739
2070,729
1740,821
3180,768
1232,762
217,674
210,489
420,616
112,644
423,636
1870,735
370,656
465,709
178,531
279,701
421,751
370,724
332,709
1020,731
51,377
755,734
75,626
122,613
1249,761
150,707
150,661
1638,807
1855,757
788,740
575,696
1378,721
1534,658
430,760
2502,809
222,633
542,742
379,726
1980,768
360,663
266,747
71,583
226,650
1047,697
75,611
180,609
270,632
1380,705
922,761
983,712
1230,713
660,729
974,667
390,616
269,635
1340,757
634,701
340,651
1618,730
660,678
550,764
210,707
645,711
175,665
45,358
738,710
738,643
210,674
228,692
150,574
420,722
3300,805
112,626
2257,696
37,630
2552,713
375,707
1675,689
240,653
300,685
2250,668
3420,798
332,763
270,595
1200,706
1200,784
1500,778
650,745
496,765
1063,678
952,577
488,744
1769,781
2131,717
1320,794
1820,727
1092,644
675,726
302,670
86,670
2437,752
77,570
122,692
90,597
300,778
1397,772
98,444
854,729
720,855
1228,812
1048,733
540,723
190,590
288,684
3840,810
1170,730
322,716
960,670
1578,752
2110,808
360,653
240,646
261,611
610,723
268,707
180,763
216,545
614,738
360,722
96,552
50,548
2565,795
337,628
679,735
1920,849
1598,740
484,660
1449,763
267,704
900,793
340,664
600,716
600,730
1300,656
97,594
258,672
300,697
798,778
2640,775
230,594
1425,783
698,716
2700,790
1080,832
450,692
206,668
412,640
1076,720
300,674
65,648
280,614
235,603
240,629
338,666
6000,895
372,667
300,729
45,726
480,758
255,717
936,744
10,736
925,808
1146,726
500,729
686,767
113,650
675,739
675,767
320,625
76,720
1125,795
356,680
900,746
1530,763
1387,787
2676,740
532,804
1800,743
1440,688
1125,575
190,643
108,679
420,622
220,619
55,692
93,720
450,696
1360,598
1125,785
448,699
195,753
106,543
133,619
192,577
510,743
135,582
131,655
582,771
190,616
690,697
1950,673
1320,783
1734,775
1238,848
449,680
1986,700
221,569
120,710
491,612
15,676
176,738
90,566
500,629
117,727
205,670
402,776
1408,738
360,521
720,653
478,691
1159,755
2370,721
300,726
2962,801
164,633
582,752
88,530
88,554
495,592
1140,765
225,620
622,749
585,704
317,673
260,670
848,691
900,694
630,793
1323,730
42,550
198,658
1712,779
197,530
218,603
1395,769
1746,647
276,737
408,668
121,543
313,613
1654,742
307,685
300,635
1372,733
83,601
750,613
934,664
150,713
531,647
1147,709
388,675
330,678
280,743
240,591
540,686
56,642
650,767
1125,744
465,714
66,575
189,679
97,626
452,603
4819,772
2771,724
695,806
300,705
225,644
106,698
734,744
243,575
355,664
120,773
244,693
225,574
104,587
1080,783
1296,761
21,499
298,666
226,631
1080,643
28,603
225,647
1536,756
203,693
46,703
622,774
1030,734
478,716
1219,783
1060,771
22,545
41,600
150,599
72,582
485,689
30,555
666,725
179,683
418,648
202,657
106,610
150,626
164,606
408,655
480,793
147,675
330,680
225,694
360,668
617,704
1890,867
1141,759
162,717
645,612
300,626
2152,734
448,663
1065,799
204,588
22,552
356,699
155,671
150,601
612,712
1583,761
152,677
68,681
48,616
654,645
60,587
1215,737
615,713
1145,673
497,743
87,678
1914,785
975,765
135,593
30,668
341,689
330,784
680,743
150,549
444,710
204,802
1080,678
676,710
387,682
2392,809
300,569
217,665
349,665
150,566
720,738
414,564
750,716
540,749
5943,834
162,781
132,714
552,789
180,583
3122,719
313,689
1125,758
159,530
1556,705
323,655
525,708
2100,691
2193,743
427,674
750,763
935,753
1080,712
1019,786
251,803
180,702
635,716
648,792
1506,752
300,798
332,682
635,673
117,634
542,723
40,561
262,659
496,706
220,590
900,705
1520,727
155,671
26,598
816,590
480,713
46,721
750,710
236,648
1215,753
481,717
480,676
420,749
132,715
146,721
960,785
2378,837
100,659
1312,795
349,730
312,720
1722,739
1425,696
15,573
360,715
1575,701
126,634
126,598
876,825
300,845
2250,772
1360,747
540,710
540,701
728,712
2692,707
50,644
1411,758
2940,810
3000,775
766,728
144,781
840,739
780,801
737,721
272,695
2250,832
40,641
60,569
240,715
2475,845
2280,678
38,624
1070,758
720,697
248,659
151,601
256,719
272,681
1215,681
3255,771
482,746
100,656
434,712
650,780
190,700
45,640
506,708
188,579
1010,812
281,727
176,689
804,763
280,743
150,676
90,683
51,658
417,655
975,753
1355,756
1622,736
114,598
300,724
735,637
297,581
483,727
332,771
1080,800
2232,700
131,772
540,760
379,720
360,649
358,701
256,725
434,572
187,534
510,677
1294,683
561,675
1800,728
890,736
123,632
100,677
1808,760
994,766
1236,704
600,750
26,663
13096,923
534,771
1480,714
330,670
678,655
47,667
1095,648
900,751
1362,707
240,756
184,722
1240,756
370,708
378,701
1012,762
347,702
1520,765
95,735
1738,703
1838,845
1260,793
112,458
360,680
83,707
284,796
465,738
532,718
608,791
1730,700
264,725
745,725
186,507
675,688
532,713
1594,736
996,624
498,697
112,604
641,700
840,670
534,707
1498,731
48,729
719,706
19,577
906,721
797,767
262,690
245,667
180,741
123,631
1413,767
932,659
187,684
276,694
476,694
495,701
1081,761
1710,782
958,784
472,684
4965,863
57,656
990,645
840,745
1620,657
610,662
1511,698
1656,751
3750,736
1514,737
1578,769
1995,746
725,693
608,556
1200,793
960,699
237,786
900,794
1950,813
77,657
688,495
156,552
960,736
1141,735
210,703
1300,683
1215,622
150,687
401,758
45,599
1860,677
3510,763
588,656
720,755
2070,745
2250,707
120,640
3282,900
1800,799
550,582
900,686
18,597
561,595
780,608
540,583
263,559
912,669
501,603
450,658
718,565
900,643
524,520
636,615
1110,650
518,589
642,598
755,604
1612,684
1468,655
2235,749
420,570
788,651
1618,757
2984,761
435,572
990,696
1488,613
480,572
1800,742
996,619
395,489
606,734
1725,687
4260,706
666,731
3308,755
1740,787
487,742
1500,707
952,752
1188,591
1248,725
790,684
44,530
2137,823
5,506
166,538
13,440
2536,749
738,802
681,616
2025,686
10,605
450,694
975,708
1522,741
1560,673
1320,753
150,673
49,596
26,540
3375,768
3000,749
2550,753
1111,696
1200,752
1650,740
1296,734
166,644
480,665
1800,758
1200,782
1818,751
1337,726
1950,726
1200,681
4275,796
180,671
2925,684
1538,750
2250,757
2070,740
2160,711
558,655
1450,671
4140,778
1035,724
338,540
1875,686
1662,671
1152,720
1260,688
2396,739
909,724
976,680
921,699
1128,652
581,756
2296,726
386,683
910,749
684,641
2580,764
1619,710
326,675
1396,708
1078,713
887,776
2390,765
1680,748
2040,772
412,647
1320,808
2236,761
1380,744
300,776
199,453
34,517
136,512
223,556
4,405
510,726
1965,733
3570,833
1800,865
3953,744
5542,767
1500,755
2065,845
975,697
382,573
4391,741
140,661
368,738
450,598
600,606
660,559
480,459
1200,762
161,709
1650,796
1845,725
34,685
11,535
1451,769
1418,636
2424,695
810,684
70,588
2138,788
743,724
99,528
1920,767
780,629
562,744
1641,722
932,808
3285,665
2320,724
1842,753
1618,721
415,654
675,717
3628,861
1440,733
1685,781
4500,740
262,599
1440,683
2231,676
2700,761
660,739
906,702
1125,716
2700,846
1200,718
212,493
53,636
2010,837
346,516
420,781
1040,724
4255,694
15,619
848,729
678,664
1364,689
2994,731
1440,746
1612,715
270,703
2662,806
2100,759
270,610
250,629
900,652
420,624
17,546
110,488
1260,767
798,591
39,615
437,675
1862,835
1200,657
1890,690
78,631
130,621
532,695
793,734
495,752
7,460
240,539
208,539
425,683
2160,820
257,600
224,687
3050,723
751,730
2050,768
228,680
330,690
123,573
371,719
374,566
765,688
2400,728
1875,708
462,642
254,650
504,694
5355,794
1959,763
1356,779
1560,653
3000,748
675,638
440,724
1681,847
250,622
6000,752
712,667
2975,742
1507,763
826,742
225,797
2059,717
6480,775
728,748
721,731
525,730
3206,789
2662,841
1220,699
525,670
552,685
3967,812
4260,899
9,446
691,645
19,656
420,613
956,749
825,681
714,716
2808,762
1980,704
1571,777
30,600
1500,749
1830,732
1958,766
900,683
668,720
616,763
190,686
748,768
758,636
770,605
900,740
1032,749
1473,732
1057,667
1050,704
3300,722
50,533
1336,732
1740,845
900,708
788,711
4800,817
902,759
2475,703
600,720
960,702
638,744
1440,752
547,534
1440,672
330,657
2745,796
895,645
112,625
1804,682
3037,868
1125,763
1500,705
601,695
120,791
1080,779
55,664
353,677
465,677
280,541
2040,796
540,734
455,706
648,700
780,706
314,646
218,642
855,698
120,592
180,717
170,595
450,558
193,505
360,639
360,628
5,548
1641,654
18,628
296,646
1247,713
750,668
184,703
2023,754
472,692
133,669
600,730
1567,733
2458,846
53,501
250,649
1005,763
2475,772
135,657
840,724
48,566
696,747
12,542
1955,727
670,704
2338,744
219,550
600,723
1530,780
1928,753
262,662
17,623
1380,696
982,721
1744,670
504,751
52,613
1515,661
420,688
105,629
396,647
450,634
2240,738
2250,822
1863,718
1620,704
164,625
628,712
3540,765
890,616
1928,713
390,716
1275,734
900,716
405,682
56,517
2700,726
1680,762
1162,747
1882,731
641,751
1470,703
2700,695
8,485
618,672
825,690
2631,762
1050,538
480,676
1740,723
3270,783
1140,740
470,788
660,718
48,402
4560,835
336,729
88,661
1522,722
1200,698
2540,803
714,663
294,751
2362,743
1478,655
1040,721
1035,710
50,587
1140,725
1120,730
13,535
60,606
1090,733
1460,740
225,592
1320,786
1040,762
624,717
1325,785
138,674
2709,811
1180,779
712,788
1416,725
3000,769
2288,763
1362,775
2476,849
1237,726
260,649
458,627
1200,746
2510,701
249,484
160,527
903,772
1633,765
505,639
2038,770
1140,739
1500,704
1135,669
3482,748
2763,745
1140,720
312,585
1887,723
1085,642
600,682
2054,849
308,644
995,716
3120,734
1010,702
2238,767
1846,691
190,620
384,686
432,684
1800,763
1275,648
40,467
963,714
2400,732
1680,708
1245,707
25,332
1500,707
371,656
14,562
735,623
225,694
204,718
70,622
879,768
12,435
1800,720
798,693
480,702
112,698
480,690
337,610
600,740
170,697
3240,781
692,717
1705,740
3004,797
1471,783
240,634
1338,750
2104,823
1200,670
652,625
324,730
306,619
2220,832
900,797
2239,700
2175,733
1965,746
4800,902
2910,698
506,654
1302,777
195,643
570,611
1267,712
1125,719
90,544
188,524
540,626
150,678
375,715
243,576
256,740
900,708
1848,728
1158,640
2414,731
2557,768
225,726
628,672
2390,701
308,616
15,571
71,439
225,452
572,693
75,555
1380,743
286,648
20,491
61,681
5820,788
2452,789
266,584
414,631
321,676
298,566
421,689
750,743
10,566
1425,717
2324,751
675,763
1840,748
461,747
1800,744
238,566
2820,768
796,617
1200,693
1829,760
1260,752
288,585
175,620
4,678
368,593
1440,674
302,614
2760,814
348,712
1050,706
150,553
562,717
657,755
913,730
1417,686
2048,672
1372,735
89,588
2787,769
3000,736
450,718
200,668
2406,733
2610,757
1767,766
2100,768
1124,694
2625,740
1681,737
150,625
1320,725
50,685
635,634
1560,711
11,334
192,624
562,696
258,572
1140,661
2235,751
1500,724
236,703
2200,776
730,725
225,750
941,714
51,608
202,566
184,652
1462,738
1500,789
546,681
280,607
1162,767
148,718
180,637
62,741
22,631
1055,698
647,586
754,572
960,717
1572,731
1116,694
1930,712
1185,747
410,691
1800,705
205,601
1628,699
1762,716
1515,750
998,737
1990,711
1613,716
1710,757
7500,745
750,584
1515,719
897,686
1388,780
900,775
2926,781
2522,720
1260,713
6750,744
444,601
300,545
1500,743
94,596
600,762
1125,676
300,665
2625,701
628,659
218,543
585,689
1177,746
2931,734
180,667
290,541
1005,699
1980,744
3000,747
1080,727
72,543
2708,755
112,718
1212,723
468,677
300,552
1631,714
652,702
2297,723
2366,754
1350,821
1782,782
2400,761
1416,749
446,592
1740,795
750,769
1781,704
525,754
75,521
2160,746
960,724
324,661
1375,708
675,740
1470,719
151,716
1485,709
1222,699
295,695
960,673
467,711
2143,726
2826,726
480,743
152,717
146,640
730,707
1472,783
300,678
1359,693
1365,714
720,712
171,602
3300,823
2578,764
964,698
2100,881
145,727
210,692
1800,735
27,612
1177,707
3062,754
3261,827
1116,689
522,713
1508,763
2250,688
1876,772
405,627
820,675
308,642
1159,801
600,756
960,728
109,611
880,739
375,660
2540,765
75,642
240,609
1203,721
10,223
1628,810
1440,608
252,636
2195,800
2650,827
337,619
2161,719
660,761
300,686
480,752
210,705
420,639
975,647
1631,645
3525,810
1800,740
3960,659
630,694
90,678
1875,683
1046,727
600,733
176,531
2335,672
901,600
422,684
1315,777
60,521
790,609
4658,851
1338,748
2475,718
668,760
2700,748
3591,768
1024,776
900,704
139,679
190,668
22,564
218,675
457,776
223,608
2362,752
1020,705
225,608
990,634
1029,713
1656,789
445,690
3598,833
1070,704
3398,828
1352,733
500,659
2565,811
2100,732
1350,775
1125,552
192,552
2064,784
220,673
360,777
3816,796
1462,701
1518,721
1200,670
3375,836
2475,760
905,709
1217,734
391,673
611,733
232,590
688,694
98,578
960,775
58,623
1080,744
1063,713
232,588
1056,748
1262,680
594,765
300,520
1080,753
150,691
900,720
1758,708
1603,675
570,679
1725,740
600,705
3750,640
1755,707
675,713
682,590
142,606
2274,806
248,665
375,622
730,628
720,699
859,657
107,554
900,765
937,643
247,727
70,636
35,664
1560,750
54,658
2393,700
1500,752
8,550
13,450
32,651
58,656
673,697
3848,760
3660,771
1800,693
540,621
1000,732
1950,766
453,785
1686,731
1980,788
622,698
60,631
896,735
1898,762
1020,566
883,574
333,769
431,644
1707,763
1950,763
2402,765
681,640
915,751
300,715
27,505
33,513
675,670
430,659
624,767
1875,751
1616,706
255,724
1205,756
1056,645
460,748
360,670
302,715
938,678
52,353
2460,746
275,711
1317,813
1010,773
4715,788
1075,712
75,714
600,686
1120,724
1912,751
1380,763
420,648
225,766
117,623
150,618
1710,728
160,529
1981,818
169,610
757,733
535,712
221,581
444,584
360,629
212,601
45,229
150,666
1192,714
1432,719
1691,780
16,554
1290,741
1920,798
400,678
2400,817
360,638
720,643
840,632
240,544
1726,762
1355,713
992,816
902,749
1746,809
166,652
2873,736
176,595
88,580
1500,750
300,564
23,483
495,758
48,600
146,635
742,614
145,544
618,647
1210,745
975,762
357,695
2178,741
1402,759
431,638
180,672
241,678
136,551
300,535
126,558
2323,784
191,520
750,690
72,641
1150,726
840,676
273,725
230,631
82,674
750,642
450,646
188,677
765,582
455,731
325,647
642,650
360,722
3623,698
1848,755
1741,749
240,575
600,747
600,622
1080,788
1626,744
3000,624
1980,843
300,704
2400,831
1650,763
525,723
1366,601
1508,639
330,711
210,689
172,671
285,450
1661,716
1379,766
1500,724
1152,717
188,671
60,610
585,726
1635,753
63,573
18,529
1968,783
588,701
1238,723
1421,728
960,728
537,726
2559,838
355,579
420,766
270,564
454,631
691,569
2180,791
2161,723
2250,638
1800,708
1320,740
365,641
1699,695
1216,726
296,585
1234,779
1450,758
1360,759
1350,701
3714,680
900,714
2631,746
432,647
1410,692
810,656
334,671
1236,710
1546,734
1500,725
1589,758
1518,744
270,737
3292,821
1800,677
800,696
103,648
160,563
2400,752
1534,725
562,689
180,565
94,555
808,672
1500,771
70,510
2742,769
1560,781
660,698
360,651
675,704
825,857
180,633
866,687
91,631
2160,795
2395,799
95,681
225,576
2140,711
82,576
995,709
300,722
976,721
960,587
1218,723
1566,769
193,638
1054,740
182,372
1470,717
549,801
862,665
1064,692
938,585
2431,611
285,586
126,445
150,516
17,489
877,607
1275,704
618,674
262,725
696,755
3200,784
655,733
1020,717
472,664
976,757
2036,712
981,640
2850,542
162,662
900,732
369,649
152,716
42,485
360,720
910,798
450,710
238,698
1968,749
289,612
1065,774
1758,672
350,750
840,765
975,807
1275,707
210,671
240,631
3150,858
1065,643
148,514
420,674
102,701
511,694
360,738
1830,655
178,641
1124,669
693,755
1888,733
248,692
216,561
262,617
570,726
1696,670
100,614
1204,808
30,712
600,625
108,607
525,692
130,461
945,788
225,634
1937,684
298,565
85,644
450,641
120,534
208,699
280,635
450,721
2640,725
626,715
242,557
1200,777
1740,696
180,599
1770,721
2700,738
1200,710
300,606
632,804
141,580
300,677
1534,751
742,727
420,725
360,699
220,619
62,676
187,572
662,704
450,711
1494,653
1181,776
900,762
172,621
200,693
1256,710
1388,691
2160,747
788,609
506,710
616,758
53,468
3000,727
362,717
28,642
600,645
273,729
301,742
1200,767
218,486
424,636
1362,635
465,670
344,683
900,721
34,467
180,564
2100,732
242,638
32,501
93,607
1433,735
228,639
1530,780
680,745
384,568
1200,748
557,626
1277,743
306,666
102,657
433,756
183,599
1310,748
337,714
130,591
1725,685
851,724
30,564
532,699
726,712
34,680
1755,727
6000,772
665,692
300,636
1196,672
690,557
271,584
1774,800
1396,702
2550,778
958,535
1632,706
200,696
114,632
2406,678
287,628
1114,768
701,672
260,681
3600,821
1123,816
485,711
1965,737
230,701
462,664
222,522
1422,626
1134,704
378,512
120,648
900,713
460,597
123,600
669,637
10092,905
28,474
244,628
1245,771
1725,796
2662,760
195,504
438,774
195,632
225,647
43,618
688,537
447,723
285,665
338,681
611,682
360,719
3025,865
633,663
300,677
71,510
522,623
634,558
2040,714
252,444
900,722
480,720
285,674
1875,771
1100,705
78,660
450,620
360,631
4170,696
497,744
2310,646
831,740
2070,696
2094,727
2385,746
300,735
130,620
2190,795
25,564
913,692
1380,738
644,720
431,709
225,738
27,471
282,587
300,658
608,872
750,746
672,627
1710,744
23,529
840,749
83,472
427,468
1858,763
1584,703
33,567
2043,789
440,673
360,581
1800,775
223,606
134,554
95,614
437,735
303,645
946,729
403,695
376,599
1200,840
615,669
525,738
1500,719
552,649
98,524
948,703
187,639
960,722
1598,619
92,557
2738,682
2640,640
18,664
394,627
2751,817
1366,735
1347,713
1026,584
380,693
1767,764
435,699
506,752
1613,687
960,731
204,511
2534,720
272,567
119,490
734,729
1031,703
120,681
172,678
1524,748
611,727
316,706
780,751
541,724
1080,692
1238,747
109,618
82,645
491,661
790,706
600,706
322,693
1500,706
75,652
25,523
871,586
304,663
2574,754
2250,758
180,611
630,724
662,634
414,697
240,543
3652,848
202,680
214,623
530,722
128,543
480,664
411,760
431,715
453,729
1150,698
2768,784
93,600
600,711
2493,759
264,554
187,647
1021,795
525,719
360,666
1309,721
3600,693
1106,736
217,654
42,686
39,582
1170,753
187,614
275,709
375,701
962,734
3942,770
720,668
400,565
1227,852
2270,802
20,632
1080,724
270,719
1556,692
137,620
544,731
2020,718
195,628
417,588
1068,774
1268,759
108,708
103,668
1500,747
407,631
2520,782
15,690
258,636
285,525
187,681
195,639
612,666
278,679
2426,837
7029,845
282,722
988,706
524,762
274,660
4312,786
1401,729
345,621
431,756
158,658
1709,719
600,685
2007,786
162,603
824,805
204,768
1826,766
1015,757
502,689
1470,753
405,682
660,597
1703,669
1108,753
2506,776
636,782
2540,829
3912,740
1232,730
568,766
82,649
322,708
220,712
1965,778
840,717
401,738
670,653
960,787
2678,774
3180,783
760,753
1085,720
840,724
2259,748
135,610
1935,734
51,733
1274,652
10,491
210,663
183,556
666,629
504,605
1246,753
544,716
198,697
360,585
420,670
30,601
25,829
374,703
79,626
1725,745
1530,725
234,701
1497,701
414,778
1561,693
742,695
252,586
1320,757
743,774
960,681
360,700
900,713
191,686
400,726
1362,725
1441,735
3660,750
1126,683
60,674
38,697
1706,778
1978,762
240,709
718,728
304,720
1736,723
212,708
240,621
367,622
460,676
1020,459
228,695
1397,754
1752,725
902,730
560,670
540,657
103,681
1248,687
204,681
885,746
330,732
167,632
30,681
508,490
923,814
32,635
659,767
94,668
790,726
45,689
30,553
1905,686
151,655
180,640
365,729
416,689
231,590
1436,716
3300,804
323,663
525,699
1971,637
2040,743
492,761
978,727
60,561
3076,633
85,627
1422,712
5494,875
180,687
820,672
750,666
2224,769
375,721
246,545
380,609
165,584
1125,734
1224,720
1612,830
150,673
326,592
180,721
47,602
46,550
118,525
870,821
150,589
1800,786
720,620
98,695
736,695
687,674
2340,777
520,677
60,681
896,677
40,532
1154,667
1531,713
1524,731
300,676
900,683
510,656
1470,612
420,761
347,656
1764,765
331,716
444,777
41,697
900,695
825,728
48,487
1938,713
110,517
1812,803
594,578
170,529
300,678
411,584
71,684
546,748
250,663
237,695
480,426
382,650
950,709
1500,705
272,615
525,727
137,694
1434,599
885,799
322,743
2540,834
6719,651
523,696
242,769
336,724
1099,669
1784,622
55,625
198,545
18,668
106,552
104,654
270,667
294,632
57,584
712,722
488,683
420,739
240,686
487,755
1020,736
182,557
174,704
810,784
300,636
180,705
366,645
240,621
122,606
145,628
108,647
45,617
168,590
95,788
726,659
823,731
238,690
165,692
1012,678
2700,794
158,617
450,748
80,690
210,550
421,734
251,682
701,709
113,700
1100,784
181,724
2045,744
642,729
360,713
590,814
35,444
390,631
1796,692
314,624
374,658
896,768
138,547
111,496
300,573
1200,790
101,583
1274,675
84,577
2058,544
1037,785
1080,668
240,659
2029,724
1404,785
106,565
75,736
21,656
1185,708
300,753
24,490
60,647
288,610
1698,737
1080,733
1590,747
385,598
1500,790
513,698
1200,666
2535,784
470,646
466,690
720,712
484,723
444,719
1162,736
1912,697
1925,724
110,560
2665,650
225,567
1568,817
600,691
86,558
1870,741
1020,669
13,653
174,560
1952,730
240,654
212,610
60,667
32,717
892,730
3375,823
1440,740
798,759
240,735
86,595
90,612
188,600
26,634
2254,818
5475,755
2192,746
525,660
37,537
3000,711
364,742
1587,809
80,598
327,759
580,744
39,749
1178,747
119,634
240,583
455,672
312,732
1740,697
360,651
187,669
1525,783
589,731
474,698
222,721
18,544
243,698
313,693
659,744
946,757
70,696
225,741
375,757
396,713
1224,715
480,734
265,677
380,733
181,621
116,692
2384,740
308,693
198,711
60,605
540,674
37,525
274,608
1607,720
650,736
658,709
135,589
104,725
1880,793
31,654
2625,751
2900,894
420,717
717,640
1275,711
2746,778
488,657
375,670
884,713
45,648
3359,863
778,570
270,655
390,584
203,697
2175,770
1650,760
5880,759
140,717
56,763
120,714
500,753
60,534
830,720
328,755
873,774
354,762
751,783
1966,724
265,732
300,656
180,655
220,809
343,653
1192,756
75,633
1036,732
1518,763
540,833
18,383
415,758
230,512
2305,739
78,569
311,758
1020,669
960,753
91,589
180,725
1296,752
2162,773
80,633
423,711
750,683
1136,727
41,690
70,683
156,587
112,717
41,649
1613,818
3150,673
936,716
181,660
325,677
1843,732
585,792
1082,734
44,615
245,688
1010,748
100,724
40,663
328,731
128,776
286,648
1500,738
100,576
210,738
106,662
240,713
34,576
276,618
34,606
308,617
1118,686
62,685
2076,802
3600,727
240,642
1200,781
330,727
122,740
48,693
1620,674
1578,758
102,578
201,713
1350,733
174,626
892,666
540,676
1629,791
1126,691
3750,725
247,682
1080,780
557,704
270,742
138,655
792,746
540,762
120,551
695,754
2100,818
270,708
1500,726
1392,760
360,673
3570,704
482,669
1110,672
467,705
1500,736
1340,777
330,773
4,494
360,748
366,695
624,786
675,768
640,716
93,686
143,621
328,691
135,630
206,701
1020,744
375,717
1548,739
761,776
260,604
772,703
180,726
1542,714
2254,779
87,608
182,564
478,660
465,664
94,676
575,624
216,688
728,763
378,655
604,730
800,715
291,687
92,715
323,735
1560,763
570,760
62,660
864,725
1226,701
855,696
150,654
3012,733
330,653
984,735
2588,803
1148,781
216,642
1200,706
41,665
193,702
142,550
1481,741
425,718
475,757
138,676
1500,821
1150,715
1020,818
285,738
224,650
900,768
52,597
74,517
146,732
495,704
920,689
368,746
1170,786
1616,786
2456,690
56,649
500,761
601,778
225,645
2764,699
165,779
130,654
2142,763
225,671
66,675
3150,724
3000,744
2932,841
776,730
973,638
441,721
566,776
1858,678
570,721
270,662
570,706
1350,737
2437,797
2210,733
1466,762
262,577
675,760
433,716
1568,745
447,698
1020,688
725,749
496,673
1058,785
150,655
330,728
874,643
433,679
220,631
1760,790
5468,632
270,663
150,586
752,662
750,723
245,688
1819,786
835,825
546,654
2016,818
306,652
224,720
225,636
445,712
252,671
926,735
540,616
1352,729
888,721
300,662
242,725
50,600
14,587
621,727
122,707
62,607
725,810
42,743
78,717
390,723
285,637
1432,708
2558,819
792,845
218,776
1006,699
9300,797
1112,700
2297,735
87,622
76,684
92,581
2664,766
3512,671
2590,813
660,800
1062,793
484,804
375,805
90,779
